position,end_position,sequence,type
1652,1658,TTTAAAC,-1 PRF
2993,2999,TTTAAAT,-1 PRF
4243,4249,GGGTTTA,-1 PRF
4246,4252,TTTAAAT,-1 PRF
4567,4573,TTTAAAT,-1 PRF
4615,4621,TTTAAAT,-1 PRF
6067,6073,TTTAAAC,-1 PRF
6727,6733,TTTAAAC,-1 PRF
7187,7193,TTTAAAT,-1 PRF
8165,8171,GGGTTTG,-1 PRF
13444,13450,TTTAAAC,-1 PRF
13451,13457,GGGTTTG,-1 PRF
14281,14287,TTTAAAT,-1 PRF
16651,16657,TTTAAAC,-1 PRF
18457,18463,TTTAAAC,-1 PRF
19547,19553,GGGTTTA,-1 PRF
20799,20805,TTTAAAC,-1 PRF
22168,22174,TTTAAAC,-1 PRF
23899,23905,GGGTTTA,-1 PRF
24279,24285,TTTAAAC,-1 PRF
24981,24987,TTTAAAT,-1 PRF
28081,28087,TTTAAAT,-1 PRF
